"scope","metric","n_mut","n_wt","median_mut","median_wt","delta","ci_lo","ci_hi","wilcox_p","effect_r","lm_beta","lm_p","lm_r2adj","comparison","analysis","drug","drug_combo"
"pancancer","ATM_effect",764,414,-0.0523940051560695,0.0773535819103353,-0.151793265731055,-0.176192607147302,-0.127988533232014,8.20053031410589e-37,0.446765055517616,-0.136491496175493,4.74907850319368e-30,0.188756489151181,"all_TP53","DepMap_CRISPR_ATM_KO",NA,NA
"gastric","ATM_effect",60,9,-0.0715786512300716,0.0537957577497956,-0.101673547420419,-0.203488337006111,-0.00227161186548429,0.0678073204411826,0.381481481481482,NA,NA,NA,"all_TP53","DepMap_CRISPR_ATM_KO",NA,NA
"pancancer","LN_IC50",618,304,5.0904315,5.1376015,0.0214481768650998,-0.141320776931103,0.190687177459121,0.869301714868053,-0.00666411173564985,-0.124228770443212,0.0855212016485241,0.303104586334784,NA,"GDSC2_KU55933","KU-55933",NA
"gastric","LN_IC50",53,10,5.219266,5.364183,0.213094803773585,-0.436669020943396,0.909173416320754,0.858185626192302,-0.0377358490566038,NA,NA,NA,NA,"GDSC2_KU55933","KU-55933",NA
"pancancer","AUC",618,304,0.9763885,0.977648,-0.0010250404530745,-0.00384810296505072,0.00181446627544282,0.795545391992127,0.0104911854879918,-0.00175047798664223,0.269738228748337,0.0333957412318068,NA,"GDSC2_KU55933","KU-55933",NA
"gastric","AUC",53,10,0.975663,0.9804295,7.09471698113751e-05,-0.00999298386792452,0.0128230369339623,0.713788377418551,0.0754716981132075,NA,NA,NA,NA,"GDSC2_KU55933","KU-55933",NA
"pancancer","lib1_IC50_ln",474,231,2.76953829304668,2.76308083729875,0.0303504743643352,-0.171551288669668,0.221371673760797,0.804575277770816,-0.0114800811003342,-0.0563986951658723,0.512612167647186,0.320836103964297,NA,"PRISM_AZD0156","AZD0156",NA
"gastric","lib1_IC50_ln",45,9,2.74332657199805,2.90906747971846,-0.00126711080945929,-0.595012306107673,0.626182742977158,0.870933798974081,0.0370370370370371,NA,NA,NA,NA,"PRISM_AZD0156","AZD0156",NA
"pancancer","lib1_MaxE",474,231,0.102331304919224,0.100193961578269,-0.0127194877419742,-0.0261317901626407,0.000481431129988672,0.191250523051741,0.0605969276855353,-0.0118439354289703,0.0716850517867371,0.164042047933056,NA,"PRISM_AZD0156","AZD0156",NA
"gastric","lib1_MaxE",45,9,0.111482418361187,0.0783788549757866,0.0318974310492447,-0.00639273027315368,0.0629389837974898,0.0946929425994759,-0.358024691358025,NA,NA,NA,NA,"PRISM_AZD0156","AZD0156",NA
"pancancer","Bliss_window",474,231,0.0886491603123759,0.0963069569255612,-0.00386276487553629,-0.015977111375064,0.00881917331863385,0.468721496462404,0.0336000146126728,0.00414445692241629,0.510048971877226,0.146504391813007,NA,"PRISM_Combo_AZD0156+AZD1775",NA,"AZD0156+AZD1775"
"gastric","Bliss_window",45,9,0.10788748252442,0.105504732333014,0.0126839294232559,-0.0409299067866834,0.0672102177654847,0.693155813661507,-0.0864197530864197,NA,NA,NA,NA,"PRISM_Combo_AZD0156+AZD1775",NA,"AZD0156+AZD1775"
"pancancer","HSA_window",474,231,0.106029892354195,0.115619996064747,-0.00662773284977682,-0.0189147199503257,0.00652702311059713,0.271314628525055,0.0510073611339434,-0.000117881782651928,0.985484455096862,0.121268236307606,NA,"PRISM_Combo_AZD0156+AZD1775",NA,"AZD0156+AZD1775"
"gastric","HSA_window",45,9,0.119646529370547,0.105877678307652,0.0114774037672391,-0.0442504134532798,0.0650710249964124,0.593453520213895,-0.116049382716049,NA,NA,NA,NA,"PRISM_Combo_AZD0156+AZD1775",NA,"AZD0156+AZD1775"
"pancancer","combo_MaxE",474,231,0.533860676151806,0.552052622536081,-0.0188699328889324,-0.0585648294648816,0.0225959289392839,0.396282045306079,0.0393354887025773,0.0240019714461161,0.18402967093966,0.34706092121055,NA,"PRISM_Combo_AZD0156+AZD1775",NA,"AZD0156+AZD1775"
"gastric","combo_MaxE",45,9,0.552549332565093,0.477820754475946,0.06531967434034,-0.0542844826813406,0.18273202005113,0.403395304892628,-0.180246913580247,NA,NA,NA,NA,"PRISM_Combo_AZD0156+AZD1775",NA,"AZD0156+AZD1775"
"pancancer","Delta_MaxE_AZD0156",474,231,0.388690888377696,0.407638839158933,-0.0122208383587175,-0.0481265238805588,0.0241630792172127,0.447242285313699,0.0352439403072314,0.0310825205351287,0.0785062693694366,0.28665945163576,NA,"PRISM_Combo_AZD0156+AZD1775",NA,"AZD0156+AZD1775"
"gastric","Delta_MaxE_AZD0156",45,9,0.397290758197489,0.402777075859358,0.0230076255616699,-0.104252398755726,0.14323419201869,0.889243018241451,-0.0320987654320988,NA,NA,NA,NA,"PRISM_Combo_AZD0156+AZD1775",NA,"AZD0156+AZD1775"
"pancancer","Bliss_window",474,231,0.0686757169041118,0.0603726608549976,0.00527129744185247,-0.00553806674288802,0.0163528904587781,0.173058348880181,-0.0631724112736771,0.00699925671567479,0.240512279637135,0.0338707612692298,NA,"PRISM_Combo_AZD0156+AZD6738",NA,"AZD0156+AZD6738"
"gastric","Bliss_window",45,9,0.0787153551174756,0.11309466710621,-0.0151202193103882,-0.0610140693131111,0.0311969674009205,0.500883502358713,0.145679012345679,NA,NA,NA,NA,"PRISM_Combo_AZD0156+AZD6738",NA,"AZD0156+AZD6738"
"pancancer","HSA_window",474,231,0.087292831343612,0.08277181481051,0.00433752260576305,-0.00706257086643431,0.016097707650956,0.307140407777671,-0.0473541929238133,0.00540844709262472,0.386847284595351,0.0423230435041709,NA,"PRISM_Combo_AZD0156+AZD6738",NA,"AZD0156+AZD6738"
"gastric","HSA_window",45,9,0.0995451700860748,0.146558650417101,-0.0125128589262225,-0.0607804281184618,0.0364175054355894,0.561740070697009,0.125925925925926,NA,NA,NA,NA,"PRISM_Combo_AZD0156+AZD6738",NA,"AZD0156+AZD6738"
"pancancer","combo_MaxE",474,231,0.671307365812367,0.717093835832808,-0.0200553811745248,-0.0562648517415038,0.018090989902794,0.221043693841145,0.0567428352238479,0.00889616659439169,0.623097156601773,0.228981285734716,NA,"PRISM_Combo_AZD0156+AZD6738",NA,"AZD0156+AZD6738"
"gastric","combo_MaxE",45,9,0.691203021930805,0.63904922695336,0.041462848431556,-0.0900089888921592,0.184331414883823,0.530869303968508,-0.135802469135802,NA,NA,NA,NA,"PRISM_Combo_AZD0156+AZD6738",NA,"AZD0156+AZD6738"
"pancancer","Delta_MaxE_AZD0156",474,231,0.519858016579373,0.523505072166961,-0.00252250677297883,-0.037082797274373,0.0326633856772714,0.823227001311982,0.0103658647962446,0.0243991227661029,0.1804563102546,0.121182935705937,NA,"PRISM_Combo_AZD0156+AZD6738",NA,"AZD0156+AZD6738"
"gastric","Delta_MaxE_AZD0156",45,9,0.521120821889416,0.555130007395528,-0.0022926126558831,-0.13320208708207,0.133662139607675,0.962974931502455,-0.0123456790123457,NA,NA,NA,NA,"PRISM_Combo_AZD0156+AZD6738",NA,"AZD0156+AZD6738"
"pancancer","Bliss_window",474,231,0.0390188766058284,0.0442478402871274,-0.00394840965645245,-0.0150534215585106,0.00725008335190934,0.387784673734892,0.0400478565035527,-0.00278493050209293,0.630330468085196,0.13421274701387,NA,"PRISM_Combo_AZD0156+AZD2811",NA,"AZD0156+AZD2811"
"gastric","Bliss_window",45,9,0.0322541097982994,0.0596630560850599,-0.0463969549455021,-0.105005068432463,0.0121517438533174,0.236520727462155,0.254320987654321,NA,NA,NA,NA,"PRISM_Combo_AZD0156+AZD2811",NA,"AZD0156+AZD2811"
"pancancer","HSA_window",474,231,0.0470549594147835,0.0532072807832926,-0.00553411526558589,-0.0178441704810061,0.00670276269042716,0.307327067499179,0.0473359270827626,-0.00488476838402323,0.441429004345431,0.141605753215045,NA,"PRISM_Combo_AZD0156+AZD2811",NA,"AZD0156+AZD2811"
"gastric","HSA_window",45,9,0.032594545549031,0.0605575769946161,-0.0467393529190687,-0.109519896017695,0.0172381585647956,0.318257427911468,0.214814814814815,NA,NA,NA,NA,"PRISM_Combo_AZD0156+AZD2811",NA,"AZD0156+AZD2811"
"pancancer","combo_MaxE",474,231,0.232074639989101,0.265624701717139,-0.0337407675483066,-0.0738141845927795,0.00463457866344837,0.0688683915597047,0.0843516539719071,-0.0258933167894885,0.174226837937756,0.224046744331697,NA,"PRISM_Combo_AZD0156+AZD2811",NA,"AZD0156+AZD2811"
"gastric","combo_MaxE",45,9,0.204234209832817,0.237731379793772,-0.0354546305099026,-0.211901503089191,0.119049670674129,0.710365194579676,0.0814814814814815,NA,NA,NA,NA,"PRISM_Combo_AZD0156+AZD2811",NA,"AZD0156+AZD2811"
"pancancer","Delta_MaxE_AZD0156",474,231,0.125107087206762,0.151579744135445,-0.0197642732541446,-0.0553073586711004,0.0140931908970649,0.0821552197717141,0.0805980236359983,-0.0129450157633014,0.461276533853414,0.16324813673593,NA,"PRISM_Combo_AZD0156+AZD2811",NA,"AZD0156+AZD2811"
"gastric","Delta_MaxE_AZD0156",45,9,0.110278142731731,0.170399085864892,-0.0450794137915272,-0.223471033059238,0.104915457915058,0.780609952763313,0.0617283950617284,NA,NA,NA,NA,"PRISM_Combo_AZD0156+AZD2811",NA,"AZD0156+AZD2811"
"pancancer","Bliss_window",475,231,0.0634248558369523,0.0548677858701858,0.00741534404189773,0.00151013242332567,0.0130990050209846,0.00875267054681054,-0.121503759398496,0.0087209553368204,0.0068390528576703,0.0274415218928845,NA,"PRISM_Combo_AZD0156+AZD7648",NA,"AZD0156+AZD7648"
"gastric","Bliss_window",45,9,0.0583343614942649,0.0476267022983448,0.0096717485860086,-0.00610904852861215,0.0264734645812681,0.275322764748368,-0.234567901234568,NA,NA,NA,NA,"PRISM_Combo_AZD0156+AZD7648",NA,"AZD0156+AZD7648"
"pancancer","HSA_window",475,231,0.0737774528425568,0.0676376725325543,0.00427677337567611,-0.00187722422703924,0.0102005609775635,0.154231509403869,-0.0660378218272955,0.00612808896624924,0.0597470910384089,0.0270370290720789,NA,"PRISM_Combo_AZD0156+AZD7648",NA,"AZD0156+AZD7648"
"gastric","HSA_window",45,9,0.0700106801342947,0.0567137786005072,0.0172481728896679,0.000605421461047433,0.034778961142906,0.0946929425994759,-0.358024691358025,NA,NA,NA,NA,"PRISM_Combo_AZD0156+AZD7648",NA,"AZD0156+AZD7648"
"pancancer","combo_MaxE",475,231,0.288243340704612,0.307105453016527,-0.0176901255344082,-0.0378128615345354,0.00188052949224577,0.107486133490996,0.074604693552062,-0.0089955631354352,0.383582555259024,0.0994272930371698,NA,"PRISM_Combo_AZD0156+AZD7648",NA,"AZD0156+AZD7648"
"gastric","combo_MaxE",45,9,0.270290226277611,0.215610651423998,0.0343609087401701,-0.0453158551846065,0.113830852852884,0.577494293365421,-0.120987654320988,NA,NA,NA,NA,"PRISM_Combo_AZD0156+AZD7648",NA,"AZD0156+AZD7648"
"pancancer","Delta_MaxE_AZD0156",475,231,0.156106431481341,0.157508764503622,-0.00432234041738758,-0.0197214675126855,0.0119734168972975,0.604334261075562,0.0240236956026429,-0.000976986527631169,0.912756647739549,0.0336877241404437,NA,"PRISM_Combo_AZD0156+AZD7648",NA,"AZD0156+AZD7648"
"gastric","Delta_MaxE_AZD0156",45,9,0.145417672054906,0.142145080374122,-0.0343275110488477,-0.102418019974773,0.0314816122381,0.341287441963186,0.204938271604938,NA,NA,NA,NA,"PRISM_Combo_AZD0156+AZD7648",NA,"AZD0156+AZD7648"
